{"cameraMode":{"drawMode":0,"name":"Shaded","section":"Shading Mode"},"sceneLighting":false,"audioPlay":false,"sceneViewState":{"m_AlwaysRefresh":false,"showFog":true,"showSkybox":false,"showFlares":true,"showImageEffects":true,"showParticleSystems":true,"showVisualEffectGraphs":true,"m_FxEnabled":true},"in2DMode":false,"pivot":{"x":-59.95000076293945,"y":0.47999998927116396,"z":0.040000006556510928},"rotation":{"x":-0.20895634591579438,"y":-0.223051518201828,"z":0.04903480038046837,"w":-0.9509139060974121},"size":0.7236146330833435,"orthographic":false}